{
  "frame_count": 166,
  "fps": 30,
  "duration": 15.616140127182007,
  "start_time": 1754167292.403338,
  "video_format": "mp4",
  "video_codec": "avc1"
}