{
  "frame_count": 166,
  "fps": 30,
  "duration": 14.22402310371399,
  "start_time": 1754181985.06437,
  "video_format": "mp4",
  "video_codec": "avc1"
}