{
  "frame_count": 161,
  "fps": 30,
  "duration": 13.977239847183228,
  "start_time": 1754181844.608027,
  "video_format": "mp4",
  "video_codec": "avc1"
}