{
  "frame_count": 175,
  "fps": 30,
  "duration": 14.852811813354492,
  "start_time": 1754118517.711306,
  "video_format": "mp4",
  "video_codec": "avc1"
}