{
  "frame_count": 182,
  "fps": 30,
  "duration": 15.807822942733765,
  "start_time": 1754166962.610969,
  "video_format": "mp4",
  "video_codec": "avc1"
}