{
  "frame_count": 191,
  "fps": 30,
  "duration": 16.2184739112854,
  "start_time": 1754173881.3588421,
  "video_format": "mp4",
  "video_codec": "avc1"
}