{
  "frame_count": 181,
  "fps": 30,
  "duration": 15.676328897476196,
  "start_time": 1754112248.8791502,
  "video_format": "mp4",
  "video_codec": "avc1"
}