{
  "frame_count": 162,
  "fps": 30,
  "duration": 14.027950763702393,
  "start_time": 1754166724.280538,
  "video_format": "mp4",
  "video_codec": "avc1"
}