{
  "frame_count": 174,
  "fps": 30,
  "duration": 15.370694875717163,
  "start_time": 1754167337.338201,
  "video_format": "mp4",
  "video_codec": "avc1"
}