{
  "frame_count": 181,
  "fps": 30,
  "duration": 15.24701976776123,
  "start_time": 1754118609.7560582,
  "video_format": "mp4",
  "video_codec": "avc1"
}