{
  "frame_count": 174,
  "fps": 30,
  "duration": 15.247889995574951,
  "start_time": 1754167510.914537,
  "video_format": "mp4",
  "video_codec": "avc1"
}