{
  "frame_count": 182,
  "fps": 30,
  "duration": 15.574849128723145,
  "start_time": 1754112293.061548,
  "video_format": "mp4",
  "video_codec": "avc1"
}