{
  "frame_count": 189,
  "fps": 30,
  "duration": 17.416621923446655,
  "start_time": 1754173525.45699,
  "video_format": "mp4",
  "video_codec": "avc1"
}