{
  "frame_count": 170,
  "fps": 30,
  "duration": 14.527500867843628,
  "start_time": 1754173929.701039,
  "video_format": "mp4",
  "video_codec": "avc1"
}