{
  "frame_count": 176,
  "fps": 30,
  "duration": 15.409549951553345,
  "start_time": 1754118740.295732,
  "video_format": "mp4",
  "video_codec": "avc1"
}