{
  "frame_count": 169,
  "fps": 30,
  "duration": 14.460692882537842,
  "start_time": 1754168019.518527,
  "video_format": "mp4",
  "video_codec": "avc1"
}