{
  "frame_count": 192,
  "fps": 30,
  "duration": 16.543959140777588,
  "start_time": 1754174065.615735,
  "video_format": "mp4",
  "video_codec": "avc1"
}