{
  "frame_count": 172,
  "fps": 30,
  "duration": 15.130080938339233,
  "start_time": 1754173448.438636,
  "video_format": "mp4",
  "video_codec": "avc1"
}