{
  "frame_count": 175,
  "fps": 30,
  "duration": 15.193895816802979,
  "start_time": 1754173642.5266361,
  "video_format": "mp4",
  "video_codec": "avc1"
}