{
  "frame_count": 28,
  "fps": 30,
  "duration": 2.396517276763916,
  "start_time": 1754173959.1397388,
  "video_format": "mp4",
  "video_codec": "avc1"
}