{
  "frame_count": 177,
  "fps": 30,
  "duration": 16.40967893600464,
  "start_time": 1754174455.325655,
  "video_format": "mp4",
  "video_codec": "avc1"
}