{
  "frame_count": 170,
  "fps": 30,
  "duration": 15.886137008666992,
  "start_time": 1754181780.7084749,
  "video_format": "mp4",
  "video_codec": "avc1"
}