{
  "frame_count": 167,
  "fps": 30,
  "duration": 15.5418701171875,
  "start_time": 1754167899.580967,
  "video_format": "mp4",
  "video_codec": "avc1"
}