{
  "frame_count": 174,
  "fps": 30,
  "duration": 14.970170021057129,
  "start_time": 1754174141.995334,
  "video_format": "mp4",
  "video_codec": "avc1"
}