{
  "frame_count": 190,
  "fps": 30,
  "duration": 16.411103010177612,
  "start_time": 1754112997.941303,
  "video_format": "mp4",
  "video_codec": "avc1"
}