{
  "frame_count": 180,
  "fps": 30,
  "duration": 15.673794031143188,
  "start_time": 1754118473.147808,
  "video_format": "mp4",
  "video_codec": "avc1"
}