{
  "frame_count": 160,
  "fps": 30,
  "duration": 13.750563144683838,
  "start_time": 1754182081.0114298,
  "video_format": "mp4",
  "video_codec": "avc1"
}