{
  "frame_count": 178,
  "fps": 30,
  "duration": 15.639145135879517,
  "start_time": 1754167642.025035,
  "video_format": "mp4",
  "video_codec": "avc1"
}