{
  "frame_count": 158,
  "fps": 30,
  "duration": 13.691812992095947,
  "start_time": 1754182015.812874,
  "video_format": "mp4",
  "video_codec": "avc1"
}