{
  "frame_count": 179,
  "fps": 30,
  "duration": 15.403525114059448,
  "start_time": 1754173486.903317,
  "video_format": "mp4",
  "video_codec": "avc1"
}