{
  "frame_count": 189,
  "fps": 30,
  "duration": 16.708844900131226,
  "start_time": 1754113088.8292081,
  "video_format": "mp4",
  "video_codec": "avc1"
}