{
  "frame_count": 203,
  "fps": 30,
  "duration": 17.40038299560547,
  "start_time": 1754113147.6314769,
  "video_format": "mp4",
  "video_codec": "avc1"
}