{
  "frame_count": 0,
  "fps": 30,
  "duration": 4.044019937515259,
  "start_time": 1754118252.335668,
  "video_format": "mp4",
  "video_codec": "avc1"
}