{
  "frame_count": 166,
  "fps": 30,
  "duration": 14.638405323028564,
  "start_time": 1754167469.4515278,
  "video_format": "mp4",
  "video_codec": "avc1"
}