{
  "frame_count": 180,
  "fps": 30,
  "duration": 16.65659499168396,
  "start_time": 1754118028.265336,
  "video_format": "mp4",
  "video_codec": "avc1"
}