{
  "frame_count": 141,
  "fps": 30,
  "duration": 12.685068130493164,
  "start_time": 1754181873.7690089,
  "video_format": "mp4",
  "video_codec": "avc1"
}