{
  "frame_count": 183,
  "fps": 30,
  "duration": 16.830708026885986,
  "start_time": 1754174488.531992,
  "video_format": "mp4",
  "video_codec": "avc1"
}