{
  "frame_count": 189,
  "fps": 30,
  "duration": 16.4976646900177,
  "start_time": 1754173799.4651031,
  "video_format": "mp4",
  "video_codec": "avc1"
}