{
  "frame_count": 190,
  "fps": 30,
  "duration": 16.124817848205566,
  "start_time": 1754118116.9447942,
  "video_format": "mp4",
  "video_codec": "avc1"
}