{
  "frame_count": 173,
  "fps": 30,
  "duration": 14.979365110397339,
  "start_time": 1754112206.4996889,
  "video_format": "mp4",
  "video_codec": "avc1"
}