{
  "frame_count": 193,
  "fps": 30,
  "duration": 16.485715866088867,
  "start_time": 1754174397.499778,
  "video_format": "mp4",
  "video_codec": "avc1"
}