{
  "frame_count": 0,
  "fps": 30,
  "duration": 1.0902209281921387,
  "start_time": 1754118357.575874,
  "video_format": "mp4",
  "video_codec": "avc1"
}