{
  "frame_count": 185,
  "fps": 30,
  "duration": 16.283976793289185,
  "start_time": 1754173732.2889442,
  "video_format": "mp4",
  "video_codec": "avc1"
}