{
  "frame_count": 169,
  "fps": 30,
  "duration": 14.595908164978027,
  "start_time": 1754167600.3097548,
  "video_format": "mp4",
  "video_codec": "avc1"
}