{
  "frame_count": 9056,
  "fps": 30,
  "duration": 785.8462707996368,
  "start_time": 1754182180.549045,
  "video_format": "mp4",
  "video_codec": "avc1"
}