{
  "frame_count": 166,
  "fps": 30,
  "duration": 14.159227132797241,
  "start_time": 1754181914.0524979,
  "video_format": "mp4",
  "video_codec": "avc1"
}