{
  "frame_count": 176,
  "fps": 30,
  "duration": 15.330724000930786,
  "start_time": 1754173407.241441,
  "video_format": "mp4",
  "video_codec": "avc1"
}