{
  "frame_count": 179,
  "fps": 30,
  "duration": 15.759427785873413,
  "start_time": 1754112335.143397,
  "video_format": "mp4",
  "video_codec": "avc1"
}