{
  "frame_count": 182,
  "fps": 30,
  "duration": 16.635895013809204,
  "start_time": 1754174176.7849228,
  "video_format": "mp4",
  "video_codec": "avc1"
}