{
  "frame_count": 274,
  "fps": 30,
  "duration": 23.353315114974976,
  "start_time": 1754173570.303072,
  "video_format": "mp4",
  "video_codec": "avc1"
}