{
  "frame_count": 183,
  "fps": 30,
  "duration": 15.618719816207886,
  "start_time": 1754181949.7216341,
  "video_format": "mp4",
  "video_codec": "avc1"
}