{
  "frame_count": 160,
  "fps": 30,
  "duration": 13.885292053222656,
  "start_time": 1754166783.0071318,
  "video_format": "mp4",
  "video_codec": "avc1"
}