{
  "frame_count": 169,
  "fps": 30,
  "duration": 14.464282989501953,
  "start_time": 1754118382.774807,
  "video_format": "mp4",
  "video_codec": "avc1"
}