{
  "frame_count": 183,
  "fps": 30,
  "duration": 16.10536503791809,
  "start_time": 1754173983.456724,
  "video_format": "mp4",
  "video_codec": "avc1"
}