{
  "frame_count": 178,
  "fps": 30,
  "duration": 15.67233681678772,
  "start_time": 1754167425.2688022,
  "video_format": "mp4",
  "video_codec": "avc1"
}