{
  "frame_count": 179,
  "fps": 30,
  "duration": 15.29889988899231,
  "start_time": 1754174270.745703,
  "video_format": "mp4",
  "video_codec": "avc1"
}