{
  "frame_count": 15009,
  "fps": 30,
  "duration": 1303.0776760578156,
  "start_time": 1754272920.625052,
  "video_format": "mp4",
  "video_codec": "avc1"
}