{
  "frame_count": 179,
  "fps": 30,
  "duration": 16.947821140289307,
  "start_time": 1754173842.574164,
  "video_format": "mp4",
  "video_codec": "avc1"
}