{
  "frame_count": 176,
  "fps": 30,
  "duration": 15.574105978012085,
  "start_time": 1754174355.189476,
  "video_format": "mp4",
  "video_codec": "avc1"
}