{
  "frame_count": 13,
  "fps": 30,
  "duration": 1.1624839305877686,
  "start_time": 1754173567.158184,
  "video_format": "mp4",
  "video_codec": "avc1"
}