{
  "frame_count": 169,
  "fps": 30,
  "duration": 14.681802988052368,
  "start_time": 1754166674.5231528,
  "video_format": "mp4",
  "video_codec": "avc1"
}