{
  "frame_count": 162,
  "fps": 30,
  "duration": 14.328202962875366,
  "start_time": 1754167685.294413,
  "video_format": "mp4",
  "video_codec": "avc1"
}