{
  "frame_count": 164,
  "fps": 30,
  "duration": 13.99223804473877,
  "start_time": 1754112165.502301,
  "video_format": "mp4",
  "video_codec": "avc1"
}