{
  "frame_count": 189,
  "fps": 30,
  "duration": 17.434206247329712,
  "start_time": 1754113042.4981718,
  "video_format": "mp4",
  "video_codec": "avc1"
}