{
  "frame_count": 187,
  "fps": 30,
  "duration": 16.087119817733765,
  "start_time": 1754174317.546946,
  "video_format": "mp4",
  "video_codec": "avc1"
}