{
  "frame_count": 158,
  "fps": 30,
  "duration": 14.043928861618042,
  "start_time": 1754181814.41453,
  "video_format": "mp4",
  "video_codec": "avc1"
}