{
  "frame_count": 176,
  "fps": 30,
  "duration": 16.10647678375244,
  "start_time": 1754167380.98267,
  "video_format": "mp4",
  "video_codec": "avc1"
}