{
  "frame_count": 187,
  "fps": 30,
  "duration": 16.284834146499634,
  "start_time": 1754173685.291859,
  "video_format": "mp4",
  "video_codec": "avc1"
}