{
  "frame_count": 174,
  "fps": 30,
  "duration": 14.776923894882202,
  "start_time": 1754182110.108484,
  "video_format": "mp4",
  "video_codec": "avc1"
}