{
  "frame_count": 172,
  "fps": 30,
  "duration": 14.885931015014648,
  "start_time": 1754117884.3043761,
  "video_format": "mp4",
  "video_codec": "avc1"
}