{
  "frame_count": 459,
  "fps": 30,
  "duration": 39.98080396652222,
  "start_time": 1754112081.223129,
  "video_format": "mp4",
  "video_codec": "avc1"
}