{
  "frame_count": 195,
  "fps": 30,
  "duration": 17.62979006767273,
  "start_time": 1754166828.998564,
  "video_format": "mp4",
  "video_codec": "avc1"
}