{
  "frame_count": 152,
  "fps": 30,
  "duration": 13.445686101913452,
  "start_time": 1754182050.347518,
  "video_format": "mp4",
  "video_codec": "avc1"
}