{
  "frame_count": 332,
  "fps": 30,
  "duration": 28.572474002838135,
  "start_time": 1754112134.857724,
  "video_format": "mp4",
  "video_codec": "avc1"
}