{
  "frame_count": 169,
  "fps": 30,
  "duration": 14.74389100074768,
  "start_time": 1754173601.470041,
  "video_format": "mp4",
  "video_codec": "avc1"
}