{
  "frame_count": 5119,
  "fps": 30,
  "duration": 443.512610912323,
  "start_time": 1754272375.631299,
  "video_format": "mp4",
  "video_codec": "avc1"
}