{
  "frame_count": 0,
  "fps": 30,
  "duration": 12.074947834014893,
  "start_time": 1754118261.3651571,
  "video_format": "mp4",
  "video_codec": "avc1"
}