{
  "frame_count": 171,
  "fps": 30,
  "duration": 14.791872024536133,
  "start_time": 1754173767.724083,
  "video_format": "mp4",
  "video_codec": "avc1"
}