{
  "frame_count": 165,
  "fps": 30,
  "duration": 15.516113996505737,
  "start_time": 1754118425.256418,
  "video_format": "mp4",
  "video_codec": "avc1"
}