{
  "frame_count": 0,
  "fps": 30,
  "duration": 0.5717718601226807,
  "start_time": 1754118258.382157,
  "video_format": "mp4",
  "video_codec": "avc1"
}