{
  "frame_count": 191,
  "fps": 30,
  "duration": 16.452018976211548,
  "start_time": 1754174226.6664839,
  "video_format": "mp4",
  "video_codec": "avc1"
}