{
  "frame_count": 177,
  "fps": 30,
  "duration": 15.405752897262573,
  "start_time": 1754118565.729986,
  "video_format": "mp4",
  "video_codec": "avc1"
}