{
  "frame_count": 166,
  "fps": 30,
  "duration": 14.748269081115723,
  "start_time": 1754118073.080043,
  "video_format": "mp4",
  "video_codec": "avc1"
}