{
  "frame_count": 179,
  "fps": 30,
  "duration": 16.660008907318115,
  "start_time": 1754118698.222386,
  "video_format": "mp4",
  "video_codec": "avc1"
}