{
  "frame_count": 175,
  "fps": 30,
  "duration": 15.249537944793701,
  "start_time": 1754166873.571072,
  "video_format": "mp4",
  "video_codec": "avc1"
}