{
  "frame_count": 174,
  "fps": 30,
  "duration": 15.129616022109985,
  "start_time": 1754174104.755693,
  "video_format": "mp4",
  "video_codec": "avc1"
}