{
  "frame_count": 174,
  "fps": 30,
  "duration": 14.97701382637024,
  "start_time": 1754117983.7575061,
  "video_format": "mp4",
  "video_codec": "avc1"
}