{
  "frame_count": 175,
  "fps": 30,
  "duration": 15.037405014038086,
  "start_time": 1754118653.435967,
  "video_format": "mp4",
  "video_codec": "avc1"
}