{
  "frame_count": 175,
  "fps": 30,
  "duration": 15.22774076461792,
  "start_time": 1754112951.2364402,
  "video_format": "mp4",
  "video_codec": "avc1"
}