{
  "frame_count": 173,
  "fps": 30,
  "duration": 15.167654991149902,
  "start_time": 1754167970.151364,
  "video_format": "mp4",
  "video_codec": "avc1"
}