{
  "frame_count": 178,
  "fps": 30,
  "duration": 15.333239078521729,
  "start_time": 1754167557.057025,
  "video_format": "mp4",
  "video_codec": "avc1"
}